{
  "S0": {
    "n": 5760,
    "tsa_mean": 0.09809027777777778,
    "tsa_se": 0.003919412534323684,
    "pts_mean": 0.0,
    "pts_se": 0.0
  },
  "S1a": {
    "n": 5760,
    "tsa_mean": 0.11024305555555555,
    "tsa_se": 0.0041270314157435435,
    "pts_mean": 93.025247733502,
    "pts_se": 0.008948971226578971
  },
  "S1b": {
    "n": 5760,
    "tsa_mean": 0.2682291666666667,
    "tsa_se": 0.0058380392256003125,
    "pts_mean": 93.24061445814885,
    "pts_se": 0.008108697976562386
  },
  "dim_tsa_S1b": {
    "Active": 0.0,
    "Reflective": 0.0,
    "Sensing": 0.08737864077669903,
    "Intuitive": 0.06746031746031746,
    "Visual": 0.40576923076923077,
    "Verbal": 0.2777777777777778,
    "Sequential": 0.6175710594315246,
    "Global": 0.13989637305699482
  },
  "stats": {
    "S1b_vs_S0": {
      "t": 24.196057749666615,
      "p": 9.077367603975108e-126,
      "cohens_h": 0.4517001829712033
    },
    "S1b_vs_S1a": {
      "t": 22.097561063953304,
      "p": 9.019029055840168e-106,
      "cohens_h": 0.41190131748047354
    }
  }
}