{
  "S0": {
    "n": 5760,
    "tsa_mean": 0.09375,
    "tsa_se": 0.003840927491794363,
    "pts_mean": 0.0,
    "pts_se": 0.0
  },
  "S1a": {
    "n": 5760,
    "tsa_mean": 0.06145833333333333,
    "tsa_se": 0.003164780755155592,
    "pts_mean": 93.41617415287627,
    "pts_se": 0.003581747350330576
  },
  "S1b": {
    "n": 5760,
    "tsa_mean": 0.2751736111111111,
    "tsa_se": 0.005885005194249194,
    "pts_mean": 93.58636229314419,
    "pts_se": 0.003442032815168822
  },
  "dim_tsa_S1b": {
    "Active": 0.3881278538812785,
    "Reflective": 0.0,
    "Sensing": 0.06684491978609626,
    "Intuitive": 0.0,
    "Visual": 0.35755813953488375,
    "Verbal": 0.45675675675675675,
    "Sequential": 0.3231939163498099,
    "Global": 0.22545454545454546
  },
  "stats": {
    "S1b_vs_S0": {
      "t": 25.81617143782763,
      "p": 2.743701068280292e-142,
      "cohens_h": 0.4820512753643823
    },
    "S1b_vs_S1a": {
      "t": 31.983729317360183,
      "p": 1.723401176925533e-212,
      "cohens_h": 0.6033794485370406
    }
  }
}