{
  "n_sessions_r0": 100,
  "n_sessions_r1": 100,
  "n_matched_pairs": 100,
  "metrics": {
    "SCS": {
      "R0": {
        "mean": 0.280893326968265,
        "std": 0.07378414410043373
      },
      "R1": {
        "mean": 0.5082292240656291,
        "std": 0.08784216391183729
      }
    },
    "CR@5": {
      "R0": {
        "mean": 0.14816666666666667,
        "std": 0.20419141951235154
      },
      "R1": {
        "mean": 0.15483333333333335,
        "std": 0.20775232113270586
      }
    },
    "CR@10": {
      "R0": {
        "mean": 0.2688333333333333,
        "std": 0.25276978564344116
      },
      "R1": {
        "mean": 0.25049999999999994,
        "std": 0.24056208729789041
      }
    },
    "ER": {
      "R0": {
        "mean": 0.3625,
        "std": 0.4732423621500228
      },
      "R1": {
        "mean": 0.35,
        "std": 0.468718433280546
      }
    },
    "Eng": {
      "R0": {
        "mean": 3.33,
        "std": 0.4934930126509934
      },
      "R1": {
        "mean": 4.05,
        "std": 0.29729419500528154
      }
    },
    "RR": {
      "R0": {
        "mean": 4.05,
        "std": 1.0087996667707457
      },
      "R1": {
        "mean": 3.84,
        "std": 1.002219758558194
      }
    }
  },
  "significance": {
    "SCS": {
      "r0_mean": 0.280893326968265,
      "r0_std": 0.07378414410043373,
      "r1_mean": 0.5082292240656291,
      "r1_std": 0.08784216391183729,
      "mean_diff": 0.22733589709736404,
      "test": "wilcoxon",
      "statistic": 0.0,
      "p_value": 3.89655984509591e-18,
      "significant": true,
      "cohens_d": 2.8025241714564895
    },
    "RR": {
      "r0_mean": 4.05,
      "r0_std": 1.0087996667707457,
      "r1_mean": 3.84,
      "r1_std": 1.002219758558194,
      "mean_diff": -0.21,
      "test": "wilcoxon",
      "statistic": 186.5,
      "p_value": 0.008771783265619648,
      "significant": true,
      "cohens_d": -0.20884818245522482
    },
    "CR@5": {
      "r0_mean": 0.14816666666666667,
      "r0_std": 0.20419141951235154,
      "r1_mean": 0.15483333333333335,
      "r1_std": 0.20775232113270586,
      "mean_diff": 0.006666666666666667,
      "test": "wilcoxon",
      "statistic": 31.5,
      "p_value": 0.5287333251214301,
      "significant": false,
      "cohens_d": 0.03236567012451097
    },
    "CR@10": {
      "r0_mean": 0.2688333333333333,
      "r0_std": 0.25276978564344116,
      "r1_mean": 0.25049999999999994,
      "r1_std": 0.24056208729789041,
      "mean_diff": -0.01833333333333333,
      "test": "wilcoxon",
      "statistic": 18.0,
      "p_value": 0.08837627958433884,
      "significant": false,
      "cohens_d": -0.07430179902163275
    },
    "ER": {
      "r0_mean": 0.3625,
      "r0_std": 0.4732423621500228,
      "r1_mean": 0.35,
      "r1_std": 0.468718433280546,
      "mean_diff": -0.0125,
      "test": "wilcoxon",
      "statistic": 8.0,
      "p_value": 0.5785147215079439,
      "significant": false,
      "cohens_d": -0.026540076620507582
    },
    "Eng": {
      "r0_mean": 3.33,
      "r0_std": 0.4934930126509934,
      "r1_mean": 4.05,
      "r1_std": 0.29729419500528154,
      "mean_diff": 0.72,
      "test": "wilcoxon",
      "statistic": 0.0,
      "p_value": 5.424757166762451e-15,
      "significant": true,
      "cohens_d": 1.7673855992285086
    }
  },
  "by_dimension": {
    "act_ref": {
      "Active": {
        "SCS_R0": 0.29438444268717257,
        "SCS_R1": 0.49216947977051684,
        "Eng_R0": 3.088888888888889,
        "Eng_R1": 4.044444444444444,
        "n": 45
      },
      "Reflective": {
        "SCS_R0": 0.269855141380068,
        "SCS_R1": 0.5213690148525392,
        "Eng_R0": 3.5272727272727273,
        "Eng_R1": 4.054545454545455,
        "n": 55
      }
    },
    "sen_int": {
      "Sensing": {
        "SCS_R0": 0.2768479675100541,
        "SCS_R1": 0.509234650508949,
        "Eng_R0": 3.2777777777777777,
        "Eng_R1": 4.092592592592593,
        "n": 54
      },
      "Intuitive": {
        "SCS_R0": 0.28564222720181703,
        "SCS_R1": 0.507048940849558,
        "Eng_R0": 3.391304347826087,
        "Eng_R1": 4.0,
        "n": 46
      }
    },
    "vis_ver": {
      "Visual": {
        "SCS_R0": 0.3019991926240181,
        "SCS_R1": 0.5348518483882488,
        "Eng_R0": 3.0784313725490198,
        "Eng_R1": 4.0588235294117645,
        "n": 51
      },
      "Verbal": {
        "SCS_R0": 0.2589259974081956,
        "SCS_R1": 0.48051996201555536,
        "Eng_R0": 3.5918367346938775,
        "Eng_R1": 4.040816326530612,
        "n": 49
      }
    },
    "seq_glo": {
      "Sequential": {
        "SCS_R0": 0.2773910695098169,
        "SCS_R1": 0.5116935950655747,
        "Eng_R0": 3.3275862068965516,
        "Eng_R1": 4.051724137931035,
        "n": 58
      },
      "Global": {
        "SCS_R0": 0.28572977774421726,
        "SCS_R1": 0.5034450926847518,
        "Eng_R0": 3.3333333333333335,
        "Eng_R1": 4.0476190476190474,
        "n": 42
      }
    }
  },
  "cost": {
    "total_r0_usd": 0.2613544,
    "total_r1_usd": 0.29632159999999996,
    "mean_per_session_usd": 0.0027883799999999996
  }
}