{
  "n_sessions_r0": 4720,
  "n_sessions_r1": 4720,
  "n_matched_pairs": 4720,
  "metrics": {
    "SCS": {
      "R0": {
        "mean": 0.2690235297744147,
        "std": 0.04011817379966263
      },
      "R1": {
        "mean": 0.31406922041324076,
        "std": 0.046993807349070334
      }
    },
    "CR@5": {
      "R0": {
        "mean": 0.0,
        "std": 0.0
      },
      "R1": {
        "mean": 0.0,
        "std": 0.0
      }
    },
    "ER": {
      "R0": {
        "mean": 0.0,
        "std": 0.0
      },
      "R1": {
        "mean": 0.0,
        "std": 0.0
      }
    },
    "Eng": {
      "R0": {
        "mean": 3.218220338983051,
        "std": 0.4746672250519921
      },
      "R1": {
        "mean": 3.9277542372881356,
        "std": 0.40193539908572073
      }
    },
    "RR": {
      "R0": {
        "mean": 4.534745762711864,
        "std": 0.5634749928622469
      },
      "R1": {
        "mean": 4.325847457627119,
        "std": 0.6266062825973269
      }
    }
  },
  "significance": {
    "SCS": {
      "r0_mean": 0.2690235297744147,
      "r0_std": 0.04011817379966263,
      "r1_mean": 0.31406922041324076,
      "r1_std": 0.046993807349070334,
      "mean_diff": 0.045045690638826116,
      "test": "wilcoxon",
      "statistic": 978635.0,
      "p_value": 0.0,
      "significant": true,
      "cohens_d": 1.0309955267289062
    },
    "RR": {
      "r0_mean": 4.534745762711864,
      "r0_std": 0.5634749928622469,
      "r1_mean": 4.325847457627119,
      "r1_std": 0.6266062825973269,
      "mean_diff": -0.20889830508474577,
      "test": "wilcoxon",
      "statistic": 420540.0,
      "p_value": 2.0612052288297127e-99,
      "significant": true,
      "cohens_d": -0.35057268820208765
    },
    "CR@5": {
      "r0_mean": 0.0,
      "r0_std": 0.0,
      "r1_mean": 0.0,
      "r1_std": 0.0,
      "mean_diff": 0.0,
      "test": "paired_t",
      "statistic": NaN,
      "p_value": NaN,
      "significant": false,
      "cohens_d": 0.0
    },
    "ER": {
      "r0_mean": 0.0,
      "r0_std": 0.0,
      "r1_mean": 0.0,
      "r1_std": 0.0,
      "mean_diff": 0.0,
      "test": "paired_t",
      "statistic": NaN,
      "p_value": NaN,
      "significant": false,
      "cohens_d": 0.0
    },
    "Eng": {
      "r0_mean": 3.218220338983051,
      "r0_std": 0.4746672250519921,
      "r1_mean": 3.9277542372881356,
      "r1_std": 0.40193539908572073,
      "mean_diff": 0.7095338983050847,
      "test": "wilcoxon",
      "statistic": 169701.0,
      "p_value": 0.0,
      "significant": true,
      "cohens_d": 1.61328334187946
    }
  },
  "by_dimension": {
    "act_ref": {
      "Active": {
        "SCS_R0": 0.2606952299308663,
        "SCS_R1": 0.30550648530953073,
        "Eng_R0": 3.0271186440677966,
        "Eng_R1": 3.8114406779661016,
        "n": 2360
      },
      "Reflective": {
        "SCS_R0": 0.277351829617963,
        "SCS_R1": 0.3226319555169508,
        "Eng_R0": 3.409322033898305,
        "Eng_R1": 4.04406779661017,
        "n": 2360
      }
    },
    "sen_int": {
      "Sensing": {
        "SCS_R0": 0.26689430434667205,
        "SCS_R1": 0.3160613683304923,
        "Eng_R0": 3.1783898305084746,
        "Eng_R1": 3.9754237288135594,
        "n": 2360
      },
      "Intuitive": {
        "SCS_R0": 0.27115275520215726,
        "SCS_R1": 0.31207707249598926,
        "Eng_R0": 3.258050847457627,
        "Eng_R1": 3.8800847457627117,
        "n": 2360
      }
    },
    "vis_ver": {
      "Visual": {
        "SCS_R0": 0.2734727565412236,
        "SCS_R1": 0.30414436840791637,
        "Eng_R0": 3.010169491525424,
        "Eng_R1": 4.022881355932204,
        "n": 2360
      },
      "Verbal": {
        "SCS_R0": 0.2645743030076057,
        "SCS_R1": 0.3239940724185652,
        "Eng_R0": 3.426271186440678,
        "Eng_R1": 3.832627118644068,
        "n": 2360
      }
    },
    "seq_glo": {
      "Sequential": {
        "SCS_R0": 0.27528280032230384,
        "SCS_R1": 0.3124520752385606,
        "Eng_R0": 3.227966101694915,
        "Eng_R1": 3.8703389830508477,
        "n": 2360
      },
      "Global": {
        "SCS_R0": 0.26276425922652547,
        "SCS_R1": 0.31568636558792096,
        "Eng_R0": 3.2084745762711866,
        "Eng_R1": 3.985169491525424,
        "n": 2360
      }
    }
  },
  "cost": {
    "total_r0_usd": 7.987375999999999,
    "total_r1_usd": 10.2090252,
    "mean_per_session_usd": 0.0019275848728813555
  }
}