{
  "n_sessions_r0": 5760,
  "n_sessions_r1": 5760,
  "n_matched_pairs": 5760,
  "metrics": {
    "SCS": {
      "R0": {
        "mean": 0.26142751544638215,
        "std": 0.08235239382971686
      },
      "R1": {
        "mean": 0.4694479519257348,
        "std": 0.09306348835289384
      }
    },
    "CR@5": {
      "R0": {
        "mean": 0.1593171296296296,
        "std": 0.2047484211541924
      },
      "R1": {
        "mean": 0.1549739583333333,
        "std": 0.19746346216238125
      }
    },
    "CR@10": {
      "R0": {
        "mean": 0.26935763888888886,
        "std": 0.25689333414494947
      },
      "R1": {
        "mean": 0.25366030092592595,
        "std": 0.258121276362371
      }
    },
    "ER": {
      "R0": {
        "mean": 0.3396267361111111,
        "std": 0.4665011463905734
      },
      "R1": {
        "mean": 0.33346354166666664,
        "std": 0.4643362591334628
      }
    },
    "Eng": {
      "R0": {
        "mean": 3.246701388888889,
        "std": 0.4820870668122638
      },
      "R1": {
        "mean": 3.8901041666666667,
        "std": 0.37397447606958334
      }
    },
    "RR": {
      "R0": {
        "mean": 3.7881944444444446,
        "std": 1.0513469000563371
      },
      "R1": {
        "mean": 3.7850694444444444,
        "std": 1.0198512341099628
      }
    }
  },
  "significance": {
    "SCS": {
      "r0_mean": 0.26142751544638215,
      "r0_std": 0.08235239382971686,
      "r1_mean": 0.4694479519257348,
      "r1_std": 0.09306348835289384,
      "mean_diff": 0.20802043647935264,
      "test": "wilcoxon",
      "statistic": 16850.0,
      "p_value": 0.0,
      "significant": true,
      "cohens_d": 2.3673309014914303
    },
    "RR": {
      "r0_mean": 3.7881944444444446,
      "r0_std": 1.0513469000563371,
      "r1_mean": 3.7850694444444444,
      "r1_std": 1.0198512341099628,
      "mean_diff": -0.003125,
      "test": "wilcoxon",
      "statistic": 900531.0,
      "p_value": 0.6829926650047833,
      "significant": false,
      "cohens_d": -0.003017228243386354
    },
    "CR@5": {
      "r0_mean": 0.1593171296296296,
      "r0_std": 0.2047484211541924,
      "r1_mean": 0.1549739583333333,
      "r1_std": 0.19746346216238125,
      "mean_diff": -0.004343171296296296,
      "test": "wilcoxon",
      "statistic": 56287.5,
      "p_value": 0.01958374604695918,
      "significant": true,
      "cohens_d": -0.02159289297896216
    },
    "CR@10": {
      "r0_mean": 0.26935763888888886,
      "r0_std": 0.25689333414494947,
      "r1_mean": 0.25366030092592595,
      "r1_std": 0.258121276362371,
      "mean_diff": -0.01569733796296296,
      "test": "wilcoxon",
      "statistic": 160887.5,
      "p_value": 1.2942126858074513e-19,
      "significant": true,
      "cohens_d": -0.06095863311301173
    },
    "ER": {
      "r0_mean": 0.3396267361111111,
      "r0_std": 0.4665011463905734,
      "r1_mean": 0.33346354166666664,
      "r1_std": 0.4643362591334628,
      "mean_diff": -0.006163194444444444,
      "test": "wilcoxon",
      "statistic": 19957.5,
      "p_value": 0.027710598517711276,
      "significant": true,
      "cohens_d": -0.013242221980659028
    },
    "Eng": {
      "r0_mean": 3.246701388888889,
      "r0_std": 0.4820870668122638,
      "r1_mean": 3.8901041666666667,
      "r1_std": 0.37397447606958334,
      "mean_diff": 0.6434027777777778,
      "test": "wilcoxon",
      "statistic": 230077.5,
      "p_value": 0.0,
      "significant": true,
      "cohens_d": 1.4913236822950802
    }
  },
  "by_dimension": {
    "act_ref": {
      "Active": {
        "SCS_R0": 0.2751983370260556,
        "SCS_R1": 0.45345975354463264,
        "Eng_R0": 3.0305555555555554,
        "Eng_R1": 3.8118055555555554,
        "n": 2880
      },
      "Reflective": {
        "SCS_R0": 0.2476566938667087,
        "SCS_R1": 0.48543615030683684,
        "Eng_R0": 3.4628472222222224,
        "Eng_R1": 3.968402777777778,
        "n": 2880
      }
    },
    "sen_int": {
      "Sensing": {
        "SCS_R0": 0.2592989327167877,
        "SCS_R1": 0.46995310684590846,
        "Eng_R0": 3.1927083333333335,
        "Eng_R1": 3.875347222222222,
        "n": 2880
      },
      "Intuitive": {
        "SCS_R0": 0.2635560981759765,
        "SCS_R1": 0.468942797005561,
        "Eng_R0": 3.3006944444444444,
        "Eng_R1": 3.904861111111111,
        "n": 2880
      }
    },
    "vis_ver": {
      "Visual": {
        "SCS_R0": 0.27327264545107294,
        "SCS_R1": 0.5063166637527939,
        "Eng_R0": 3.020486111111111,
        "Eng_R1": 3.926736111111111,
        "n": 2880
      },
      "Verbal": {
        "SCS_R0": 0.24958238544169137,
        "SCS_R1": 0.43257924009867565,
        "Eng_R0": 3.472916666666667,
        "Eng_R1": 3.8534722222222224,
        "n": 2880
      }
    },
    "seq_glo": {
      "Sequential": {
        "SCS_R0": 0.24751033311724516,
        "SCS_R1": 0.4642763634033649,
        "Eng_R0": 3.263541666666667,
        "Eng_R1": 3.8628472222222223,
        "n": 2880
      },
      "Global": {
        "SCS_R0": 0.2753446977755191,
        "SCS_R1": 0.47461954044810456,
        "Eng_R0": 3.229861111111111,
        "Eng_R1": 3.917361111111111,
        "n": 2880
      }
    }
  },
  "cost": {
    "total_r0_usd": 12.802074399999999,
    "total_r1_usd": 15.508940399999998,
    "mean_per_session_usd": 0.002457553368055555
  }
}