{
  "n_sessions_r0": 5760,
  "n_sessions_r1": 5760,
  "n_matched_pairs": 5760,
  "metrics": {
    "SCS": {
      "R0": {
        "mean": 0.2694042411132142,
        "std": 0.07461412516207233
      },
      "R1": {
        "mean": 0.5177602780183035,
        "std": 0.0776640503855052
      }
    },
    "CR@5": {
      "R0": {
        "mean": 0.3337268518518518,
        "std": 0.37555068406472664
      },
      "R1": {
        "mean": 0.3324450231481481,
        "std": 0.3743319077692953
      }
    },
    "ER": {
      "R0": {
        "mean": 0.35173611111111114,
        "std": 0.4733307073077407
      },
      "R1": {
        "mean": 0.34930555555555554,
        "std": 0.47256237415678404
      }
    },
    "Eng": {
      "R0": {
        "mean": 3.2378472222222223,
        "std": 0.477692932244301
      },
      "R1": {
        "mean": 4.1140625,
        "std": 0.38554830747311175
      }
    },
    "RR": {
      "R0": {
        "mean": 4.655381944444445,
        "std": 0.506415373581261
      },
      "R1": {
        "mean": 4.213715277777778,
        "std": 0.5743726041154107
      }
    }
  },
  "significance": {
    "SCS": {
      "r0_mean": 0.2694042411132142,
      "r0_std": 0.07461412516207233,
      "r1_mean": 0.5177602780183035,
      "r1_std": 0.0776640503855052,
      "mean_diff": 0.24835603690508934,
      "test": "wilcoxon",
      "statistic": 787.0,
      "p_value": 0.0,
      "significant": true,
      "cohens_d": 3.2612189817920143
    },
    "RR": {
      "r0_mean": 4.655381944444445,
      "r0_std": 0.506415373581261,
      "r1_mean": 4.213715277777778,
      "r1_std": 0.5743726041154107,
      "mean_diff": -0.44166666666666665,
      "test": "wilcoxon",
      "statistic": 253521.0,
      "p_value": 0.0,
      "significant": true,
      "cohens_d": -0.8156940570377458
    },
    "CR@5": {
      "r0_mean": 0.3337268518518518,
      "r0_std": 0.37555068406472664,
      "r1_mean": 0.3324450231481481,
      "r1_std": 0.3743319077692953,
      "mean_diff": -0.0012818287037037036,
      "test": "wilcoxon",
      "statistic": 28353.5,
      "p_value": 0.4698288517667736,
      "significant": false,
      "cohens_d": -0.003418740545915351
    },
    "ER": {
      "r0_mean": 0.35173611111111114,
      "r0_std": 0.4733307073077407,
      "r1_mean": 0.34930555555555554,
      "r1_std": 0.47256237415678404,
      "mean_diff": -0.0024305555555555556,
      "test": "wilcoxon",
      "statistic": 6278.5,
      "p_value": 0.18207877238636194,
      "significant": false,
      "cohens_d": -0.005139174397908584
    },
    "Eng": {
      "r0_mean": 3.2378472222222223,
      "r0_std": 0.477692932244301,
      "r1_mean": 4.1140625,
      "r1_std": 0.38554830747311175,
      "mean_diff": 0.8762152777777777,
      "test": "wilcoxon",
      "statistic": 82869.0,
      "p_value": 0.0,
      "significant": true,
      "cohens_d": 2.0185915639652188
    }
  },
  "by_dimension": {
    "act_ref": {
      "Active": {
        "SCS_R0": 0.2823273165505034,
        "SCS_R1": 0.5075142608826152,
        "Eng_R0": 3.0340277777777778,
        "Eng_R1": 4.164583333333334,
        "n": 2880
      },
      "Reflective": {
        "SCS_R0": 0.256481165675925,
        "SCS_R1": 0.528006295153992,
        "Eng_R0": 3.441666666666667,
        "Eng_R1": 4.063541666666667,
        "n": 2880
      }
    },
    "sen_int": {
      "Sensing": {
        "SCS_R0": 0.26207324245522073,
        "SCS_R1": 0.5146265837465224,
        "Eng_R0": 3.1993055555555556,
        "Eng_R1": 4.1461805555555555,
        "n": 2880
      },
      "Intuitive": {
        "SCS_R0": 0.2767352397712077,
        "SCS_R1": 0.5208939722900848,
        "Eng_R0": 3.276388888888889,
        "Eng_R1": 4.081944444444445,
        "n": 2880
      }
    },
    "vis_ver": {
      "Visual": {
        "SCS_R0": 0.2868424987562725,
        "SCS_R1": 0.5399566534979924,
        "Eng_R0": 3.0430555555555556,
        "Eng_R1": 4.176041666666666,
        "n": 2880
      },
      "Verbal": {
        "SCS_R0": 0.2519659834701559,
        "SCS_R1": 0.49556390253861465,
        "Eng_R0": 3.432638888888889,
        "Eng_R1": 4.052083333333333,
        "n": 2880
      }
    },
    "seq_glo": {
      "Sequential": {
        "SCS_R0": 0.25242642409597194,
        "SCS_R1": 0.5042779348055504,
        "Eng_R0": 3.264236111111111,
        "Eng_R1": 4.090625,
        "n": 2880
      },
      "Global": {
        "SCS_R0": 0.2863820581304564,
        "SCS_R1": 0.5312426212310566,
        "Eng_R0": 3.2114583333333333,
        "Eng_R1": 4.1375,
        "n": 2880
      }
    }
  },
  "cost": {
    "total_r0_usd": 13.329127199999999,
    "total_r1_usd": 16.4967272,
    "mean_per_session_usd": 0.0025890498611111108
  }
}