{
  "SCS_R0_mean": 0.26142751544638215,
  "SCS_R0_std": 0.08235239382971686,
  "SCS_R1_mean": 0.4694479519257348,
  "SCS_R1_std": 0.09306348835289384,
  "mean_diff": 0.20802043647935264,
  "wilcoxon_stat": 16850.0,
  "p_value": 0.0,
  "cohens_d": 2.3673309014914303,
  "n_matched": 5760,
  "n_r0": 5760,
  "n_r1": 5760
}